{
  "total_processed": 1500,
  "total_anomalies": 23,
  "avg_latency_ms": 296.4591333329736,
  "avg_throughput": 1690.33554468942,
  "max_latency_ms": 309.9906999996165,
  "drift_events": 0,
  "drift_details": []
}