{
  "ft_transformer": {
    "model_name": "ft_transformer",
    "dataset": "Synthetic",
    "num_test_samples": 1500,
    "num_classes": 2,
    "accuracy": 1.0,
    "precision": 1.0,
    "recall": 1.0,
    "f1_score": 1.0,
    "f1_macro": 1.0,
    "f1_weighted": 1.0,
    "auc_roc": 1.0,
    "auc_pr": 1.0,
    "detection_rate": 0.9999999999333333,
    "false_alarm_rate": 0.0,
    "true_negatives": 1350,
    "false_positives": 0,
    "false_negatives": 0,
    "true_positives": 150,
    "inference_time_total": 2.1514508724212646,
    "latency_ms_per_sample": 1.4343005816141765,
    "throughput_samples_per_sec": 697.2039283945558,
    "num_parameters": 193217,
    "confusion_matrix": [
      [
        1350,
        0
      ],
      [
        0,
        150
      ]
    ]
  },
  "cnn1d": {
    "model_name": "cnn1d",
    "dataset": "Synthetic",
    "num_test_samples": 1500,
    "num_classes": 2,
    "accuracy": 0.444,
    "precision": 0.15030674846625766,
    "recall": 0.98,
    "f1_score": 0.26063829787234044,
    "f1_macro": 0.40756273867976,
    "f1_weighted": 0.5251022913256956,
    "auc_roc": 0.5827061728395062,
    "auc_pr": 0.1076269744172178,
    "detection_rate": 0.9799999999346666,
    "false_alarm_rate": 0.615555555550996,
    "true_negatives": 519,
    "false_positives": 831,
    "false_negatives": 3,
    "true_positives": 147,
    "inference_time_total": 0.7298381328582764,
    "latency_ms_per_sample": 0.4865587552388509,
    "throughput_samples_per_sec": 2055.2502431265502,
    "num_parameters": 163906,
    "confusion_matrix": [
      [
        519,
        831
      ],
      [
        3,
        147
      ]
    ]
  }
}