{
  "vae": {
    "model_name": "vae",
    "clean_f1": 0.672566371681416,
    "fgsm": {
      "0.01": {
        "f1": 0.6111111111111112,
        "f1_drop": 9.137426900584794
      },
      "0.05": {
        "f1": 0.6486486486486487,
        "f1_drop": 3.5561877667140833
      },
      "0.1": {
        "f1": 0.5981308411214953,
        "f1_drop": 11.06738809640926
      },
      "0.2": {
        "f1": 0.6486486486486487,
        "f1_drop": 3.5561877667140833
      }
    },
    "pgd": {
      "0.01": {
        "f1": 0.672566371681416,
        "f1_drop": 0.0
      },
      "0.05": {
        "f1": 0.6486486486486487,
        "f1_drop": 3.5561877667140833
      },
      "0.1": {
        "f1": 0.6607142857142857,
        "f1_drop": 1.7622180451127911
      },
      "0.2": {
        "f1": 0.6363636363636364,
        "f1_drop": 5.382775119617233
      }
    }
  }
}