{
  "vae": {
    "model_name": "vae",
    "dataset": "Synthetic",
    "num_test_samples": 750,
    "num_classes": 2,
    "accuracy": 0.9733333333333334,
    "precision": 1.0,
    "recall": 0.7333333333333333,
    "f1_score": 0.8461538461538461,
    "f1_macro": 0.9157776530039303,
    "f1_weighted": 0.9714766984839978,
    "auc_roc": 0.9999604938271605,
    "auc_pr": 0.9996467836257308,
    "detection_rate": 0.7333333332355556,
    "false_alarm_rate": 0.0,
    "true_negatives": 675,
    "false_positives": 0,
    "false_negatives": 20,
    "true_positives": 55,
    "inference_time_total": 0.00318145751953125,
    "latency_ms_per_sample": 0.004241943359375,
    "throughput_samples_per_sec": 235741.0071942446,
    "num_parameters": 12174,
    "confusion_matrix": [
      [
        675,
        0
      ],
      [
        20,
        55
      ]
    ]
  }
}