{
  "model_name": "vanilla_ae",
  "dataset": "Synthetic",
  "num_test_samples": 750,
  "num_classes": 2,
  "accuracy": 0.9786666666666667,
  "precision": 1.0,
  "recall": 0.7866666666666666,
  "f1_score": 0.8805970149253731,
  "f1_macro": 0.9344419920893337,
  "f1_weighted": 0.9775179738205021,
  "auc_roc": 1.0,
  "auc_pr": 0.9999999999999998,
  "detection_rate": 0.7866666665617779,
  "false_alarm_rate": 0.0,
  "true_negatives": 675,
  "false_positives": 0,
  "false_negatives": 16,
  "true_positives": 59,
  "inference_time_total": 0.033624887466430664,
  "latency_ms_per_sample": 0.04483318328857422,
  "throughput_samples_per_sec": 22304.90736210674,
  "num_parameters": 11678,
  "confusion_matrix": [
    [
      675,
      0
    ],
    [
      16,
      59
    ]
  ]
}