{
  "ft_transformer": {
    "model_name": "ft_transformer",
    "clean_f1": 0.9214830970556162,
    "fgsm": {
      "0.01": {
        "f1": 0.9060109289617486,
        "f1_drop": 1.6790506677013644
      },
      "0.05": {
        "f1": 0.8389224848818032,
        "f1_drop": 8.959536256022067
      },
      "0.1": {
        "f1": 0.6896149358226371,
        "f1_drop": 25.16249749711737
      },
      "0.2": {
        "f1": 0.1780721118469463,
        "f1_drop": 80.67548798063316
      }
    },
    "pgd": {
      "0.01": {
        "f1": 0.9060109289617486,
        "f1_drop": 1.6790506677013644
      },
      "0.05": {
        "f1": 0.8362637362637363,
        "f1_drop": 9.24806554392353
      },
      "0.1": {
        "f1": 0.6587436332767402,
        "f1_drop": 28.512673169849613
      },
      "0.2": {
        "f1": 0.08559201141226819,
        "f1_drop": 90.71149414614793
      }
    }
  },
  "cnn1d": {
    "model_name": "cnn1d",
    "clean_f1": 0.9105145413870246,
    "fgsm": {
      "0.01": {
        "f1": 0.8857625211029826,
        "f1_drop": 2.718465127018863
      },
      "0.05": {
        "f1": 0.7468430547203848,
        "f1_drop": 17.975713646188694
      },
      "0.1": {
        "f1": 0.1568951279933939,
        "f1_drop": 82.76852034077467
      },
      "0.2": {
        "f1": 0.008285004142502071,
        "f1_drop": 99.09007448361218
      }
    },
    "pgd": {
      "0.01": {
        "f1": 0.8852643419572553,
        "f1_drop": 2.773179151131905
      },
      "0.05": {
        "f1": 0.678727386150967,
        "f1_drop": 25.456721963272177
      },
      "0.1": {
        "f1": 0.06292517006802721,
        "f1_drop": 93.08905380333951
      },
      "0.2": {
        "f1": 0.001444043321299639,
        "f1_drop": 99.84140359591623
      }
    }
  }
}